{
    "reference_prices": {
        "北海道": 8.81179867410517,
        "東北": 8.571068442207165,
        "東京": 11.264545396009211,
        "中部": 9.08239015297525,
        "北陸": 7.67612477441295,
        "関西": 8.648070811716819,
        "中国": 8.540559352223735,
        "四国": 8.306973581777681,
        "九州": 6.732955440719225
    },
    "non_fossil_value": 1.3,
    "balancing_costs": [
        1.0,
        0.76,
        0.53,
        0.3,
        0.3,
        0.3,
        0.3,
        0.3,
        0.3,
        0.3,
        0.3,
        0.3,
        0.3,
        0.3,
        0.3,
        0.3,
        0.3,
        0.3,
        0.3,
        0.3
    ],
    "ppa_prices": {
        "北海道": 14.0,
        "東北": 14.0,
        "東京": 14.5,
        "中部": 14.0,
        "北陸": 14.0,
        "関西": 13.5,
        "中国": 14.0,
        "四国": 14.0,
        "九州": 13.0
    }
}