{
    "reference_prices": {
        "北海道": 8.811798674131712,
        "東北": 8.57106844221505,
        "東京": 11.264545396274878,
        "中部": 9.08239015297525,
        "北陸": 7.676124699404791,
        "関西": 8.648070811866818,
        "中国": 8.540559352173736,
        "四国": 8.306973581777681,
        "九州": 6.732955440650389
    },
    "non_fossil_value": 1.236382186835661,
    "balancing_costs": [
        2.0,
        1.8,
        1.6,
        1.4,
        1.3,
        1.3,
        1.3,
        1.3,
        1.3,
        1.3,
        0.3,
        0.3,
        0.3,
        0.3,
        0.3,
        0.3,
        0.3,
        0.3,
        0.3,
        0.3
    ],
    "ppa_prices": {
        "北海道": 14.0,
        "東北": 14.0,
        "東京": 14.0,
        "中部": 14.0,
        "北陸": 14.0,
        "関西": 14.0,
        "中国": 14.0,
        "四国": 14.0,
        "九州": 14.0
    }
}